seed,pmid_2,edgelength,edgelengthweighted
1234	101	2.000000	2.000000
1234	102	5.000000	7.750000
1234	103	4.000000	3.166667
