seed,pmid_2,edgelength
1234	1	1.000000
1234	2	1.000000
1234	3	1.000000
1234	4	1.000000
1234	23	-1.000000
1234	45	-1.000000
1234	134	2.000000
1234	234	-1.000000
1234	345	-2.000000
1234	356	-1.000000
1234	456	2.000000
1234	567	2.000000
1234	1334	3.000000
1234	3435	3.000000
1234	3456	-2.000000
1234	4561	3.000000
1234	13454	-3.000000
1234	34256	3.000000
1234	45566	-3.000000
1234	343455	-3.000000
1234	34345356	-3.000000
